{
  "mean": [
    0.04336133971810341,
    -0.026177795603871346,
    0.14878037571907043,
    -0.3274041712284088,
    -0.1110626682639122,
    0.038463544100522995,
    0.044026922434568405,
    -0.02597196027636528,
    0.14867331087589264,
    -0.3269781470298767,
    -0.10954819619655609,
    0.037436917424201965
  ],
  "std": [
    0.306431382894516,
    0.231688991189003,
    0.026132764294743538,
    0.33041876554489136,
    0.6039585471153259,
    0.6646620631217957,
    0.3073083460330963,
    0.23233407735824585,
    0.026133481413125992,
    0.3308054208755493,
    0.6062943935394287,
    0.6655692458152771
  ]
}