{
  "mean": [
    0.002694664988666773,
    0.004725275095552206,
    -0.00016035432054195553,
    0.02367118000984192,
    -0.005327735096216202,
    -0.001542627695016563
  ],
  "std": [
    0.013331517577171326,
    0.013528243638575077,
    0.002677132375538349,
    0.032299917191267014,
    0.044726721942424774,
    0.05948184058070183
  ]
}